,playerID,year,score,player_seasonID
0,abdulka01,1969,3.0,abdulka011969
1,abdulka01,1970,12.0,abdulka011970
2,abdulka01,1971,8.0,abdulka011971
3,abdulka01,1972,3.0,abdulka011972
4,abdulka01,1973,10.0,abdulka011973
5,abdulka01,1974,2.0,abdulka011974
6,abdulka01,1975,9.0,abdulka011975
7,abdulka01,1976,9.0,abdulka011976
8,abdulka01,1977,3.0,abdulka011977
9,abdulka01,1978,4.0,abdulka011978
10,abdulka01,1979,10.0,abdulka011979
11,abdulka01,1980,5.0,abdulka011980
12,abdulka01,1982,2.0,abdulka011982
13,abdulka01,1983,4.0,abdulka011983
14,abdulka01,1984,5.0,abdulka011984
15,abdulka01,1985,3.0,abdulka011985
16,abdulma02,1992,0.0,abdulma021992
17,adamsal01,1975,0.0,adamsal011975
18,aingeda01,2007,0.0,aingeda012007
19,aldrila01,2010,1.0,aldrila012010
20,aldrila01,2013,1.0,aldrila012013
21,aldrila01,2014,2.0,aldrila012014
22,aldrila01,2015,1.0,aldrila012015
23,aldrila01,2017,2.0,aldrila012017
24,allenra02,2000,1.0,allenra022000
25,allenra02,2004,2.0,allenra022004
26,allento01,2010,1.0,allento012010
27,allento01,2011,2.0,allento012011
28,allento01,2012,2.0,allento012012
29,allento01,2014,2.0,allento012014
30,allento01,2015,1.0,allento012015
31,allento01,2016,1.0,allento012016
32,anderry01,2011,0.0,anderry012011
33,antetgi01,2016,3.0,antetgi012016
34,antetgi01,2017,2.0,antetgi012017
35,antetgi01,2018,10.0,antetgi012018
36,anthoca01,2005,1.0,anthoca012005
37,anthoca01,2006,1.0,anthoca012006
38,anthoca01,2008,1.0,anthoca012008
39,anthoca01,2009,2.0,anthoca012009
40,anthoca01,2011,1.0,anthoca012011
41,anthoca01,2012,2.0,anthoca012012
42,archina01,1971,2.0,archina011971
43,archina01,1972,3.0,archina011972
44,archina01,1974,3.0,archina011974
45,archina01,1975,3.0,archina011975
46,archina01,1980,2.0,archina011980
47,arenagi01,2002,0.0,arenagi012002
48,arenagi01,2004,1.0,arenagi012004
49,arenagi01,2005,1.0,arenagi012005
50,arenagi01,2006,2.0,arenagi012006
51,arizipa01,1951,3.0,arizipa011951
52,arizipa01,1955,3.0,arizipa011955
53,arizipa01,1956,3.0,arizipa011956
54,arizipa01,1958,2.0,arizipa011958
55,armstda01,1998,0.0,armstda011998
56,artesro01,2002,1.0,artesro012002
57,artesro01,2003,6.0,artesro012003
58,artesro01,2005,2.0,artesro012005
59,artesro01,2008,1.0,artesro012008
60,artesro01,2010,0.0,artesro012010
61,augusdj01,2008,0.0,augusdj012008
62,austiis01,1996,0.0,austiis011996
63,bakervi01,1996,1.0,bakervi011996
64,bakervi01,1997,2.0,bakervi011997
65,barbole01,2006,0.0,barbole012006
66,barklch01,1985,2.0,barklch011985
67,barklch01,1986,2.0,barklch011986
68,barklch01,1987,3.0,barklch011987
69,barklch01,1988,3.0,barklch011988
70,barklch01,1989,3.0,barklch011989
71,barklch01,1990,3.0,barklch011990
72,barklch01,1991,2.0,barklch011991
73,barklch01,1992,8.0,barklch011992
74,barklch01,1993,2.0,barklch011993
75,barklch01,1994,2.0,barklch011994
76,barklch01,1995,1.0,barklch011995
77,barnema01,1974,0.0,barnema011974
78,barroda01,1994,0.0,barroda011994
79,barryri01,1965,3.0,barryri011965
80,barryri01,1966,3.0,barryri011966
81,barryri01,1968,0.0,barryri011968
82,barryri01,1969,0.0,barryri011969
83,barryri01,1970,0.0,barryri011970
84,barryri01,1971,0.0,barryri011971
85,barryri01,1972,2.0,barryri011972
86,barryri01,1973,3.0,barryri011973
87,barryri01,1974,6.0,barryri011974
88,barryri01,1975,3.0,barryri011975
89,battish01,2007,1.0,battish012007
90,battish01,2008,1.0,battish012008
91,baumhfr01,1946,2.0,baumhfr011946
92,bayloel01,1958,3.0,bayloel011958
93,bayloel01,1959,3.0,bayloel011959
94,bayloel01,1960,3.0,bayloel011960
95,bayloel01,1961,3.0,bayloel011961
96,bayloel01,1962,3.0,bayloel011962
97,bayloel01,1963,3.0,bayloel011963
98,bayloel01,1964,3.0,bayloel011964
99,bayloel01,1966,3.0,bayloel011966
100,bayloel01,1967,3.0,bayloel011967
101,bayloel01,1968,3.0,bayloel011968
102,beardra01,1949,2.0,beardra011949
103,beardra01,1950,3.0,beardra011950
104,beasljo01,1967,0.0,beasljo011967
105,beasljo01,1968,0.0,beasljo011968
106,beaslmi01,2008,0.0,beaslmi012008
107,beatyze01,1970,3.0,beatyze011970
108,beatyze01,1971,0.0,beatyze011971
109,bellawa01,1961,0.0,bellawa011961
110,bellra01,2006,2.0,bellra012006
111,bellra01,2007,1.0,bellra012007
112,beverpa01,2013,1.0,beverpa012013
113,beverpa01,2016,2.0,beverpa012016
114,billuch01,2003,3.0,billuch012003
115,billuch01,2004,1.0,billuch012004
116,billuch01,2005,3.0,billuch012005
117,billuch01,2006,1.0,billuch012006
118,billuch01,2008,1.0,billuch012008
119,bingda01,1966,0.0,bingda011966
120,bingda01,1967,3.0,bingda011967
121,bingda01,1970,3.0,bingda011970
122,bingda01,1973,2.0,bingda011973
123,birdla01,1979,3.0,birdla011979
124,birdla01,1980,3.0,birdla011980
125,birdla01,1981,4.0,birdla011981
126,birdla01,1982,4.0,birdla011982
127,birdla01,1983,12.0,birdla011983
128,birdla01,1984,8.0,birdla011984
129,birdla01,1985,11.0,birdla011985
130,birdla01,1986,3.0,birdla011986
131,birdla01,1987,3.0,birdla011987
132,birdla01,1989,2.0,birdla011989
133,birdsot01,1980,2.0,birdsot011980
134,blairde01,2009,0.0,blairde012009
135,blaylmo01,1993,2.0,blaylmo011993
136,blaylmo01,1994,2.0,blaylmo011994
137,blaylmo01,1995,1.0,blaylmo011995
138,blaylmo01,1996,1.0,blaylmo011996
139,blaylmo01,1997,1.0,blaylmo011997
140,blaylmo01,1998,1.0,blaylmo011998
141,bledser01,2010,0.0,bledser012010
142,bledser01,2018,2.0,bledser012018
143,bogutan01,2009,1.0,bogutan012009
144,bogutan01,2014,1.0,bogutan012014
145,bolma01,1985,1.0,bolma011985
146,boonero01,1973,0.0,boonero011973
147,boonero01,1974,0.0,boonero011974
148,boozeca01,2007,1.0,boozeca012007
149,boshch01,2006,2.0,boshch012006
150,bowenbr01,2000,1.0,bowenbr012000
151,bowenbr01,2001,1.0,bowenbr012001
152,bowenbr01,2002,1.0,bowenbr012002
153,bowenbr01,2003,2.0,bowenbr012003
154,bowenbr01,2004,2.0,bowenbr012004
155,bowenbr01,2005,2.0,bowenbr012005
156,bowenbr01,2006,2.0,bowenbr012006
157,bowenbr01,2007,2.0,bowenbr012007
158,bradlav01,2012,1.0,bradlav012012
159,bradlav01,2015,2.0,bradlav012015
160,bradldu01,1980,1.0,bradldu011980
161,brandel01,1999,0.0,brandel011999
162,brandel01,2005,2.0,brandel012005
163,braunca01,1947,2.0,braunca011947
164,braunca01,1953,2.0,braunca011953
165,breweji01,1975,1.0,breweji011975
166,breweji01,1976,1.0,breweji011976
167,brianfr01,1949,2.0,brianfr011949
168,brianfr01,1950,2.0,brianfr011950
169,bridgbi01,1968,1.0,bridgbi011968
170,bridgbi01,1969,1.0,bridgbi011969
171,briskjo01,1970,0.0,briskjo011970
172,brookaa01,2009,0.0,brookaa012009
173,brookma01,2011,0.0,brookma012011
174,brownla01,1967,0.0,brownla011967
175,brownpj01,1996,1.0,brownpj011996
176,brownpj01,1998,1.0,brownpj011998
177,brownpj01,2000,1.0,brownpj012000
178,brownro01,1967,0.0,brownro011967
179,brownro01,1969,3.0,brownro011969
180,brownro01,1970,0.0,brownro011970
181,bryanko01,1998,1.0,bryanko011998
182,bryanko01,1999,4.0,bryanko011999
183,bryanko01,2000,3.0,bryanko012000
184,bryanko01,2001,4.0,bryanko012001
185,bryanko01,2002,5.0,bryanko012002
186,bryanko01,2003,5.0,bryanko012003
187,bryanko01,2004,1.0,bryanko012004
188,bryanko01,2005,5.0,bryanko012005
189,bryanko01,2006,5.0,bryanko012006
190,bryanko01,2007,10.0,bryanko012007
191,bryanko01,2008,5.0,bryanko012008
192,bryanko01,2009,5.0,bryanko012009
193,bryanko01,2010,5.0,bryanko012010
194,bryanko01,2011,4.0,bryanko012011
195,bryanko01,2012,3.0,bryanko012012
196,bucknqu01,1977,1.0,bucknqu011977
197,bucknqu01,1979,1.0,bucknqu011979
198,bucknqu01,1980,1.0,bucknqu011980
199,bucknqu01,1981,1.0,bucknqu011981
200,buehlke01,1942,0.0,buehlke011942
201,busedo01,1974,0.0,busedo011974
202,busedo01,1975,0.0,busedo011975
203,busedo01,1976,2.0,busedo011976
204,busedo01,1977,2.0,busedo011977
205,busedo01,1978,2.0,busedo011978
206,busedo01,1979,2.0,busedo011979
207,butleji01,2013,1.0,butleji012013
208,butleji01,2014,1.0,butleji012014
209,butleji01,2015,1.0,butleji012015
210,butleji01,2016,1.0,butleji012016
211,butleji01,2017,2.0,butleji012017
212,bynuman01,2011,2.0,bynuman012011
213,caldwjo01,1969,1.0,caldwjo011969
214,caldwjo01,1970,0.0,caldwjo011970
215,caldwjo01,1972,0.0,caldwjo011972
216,calveer01,1946,2.0,calveer011946
217,calvima01,1970,0.0,calvima011970
218,calvima01,1972,0.0,calvima011972
219,calvima01,1973,0.0,calvima011973
220,calvima01,1974,0.0,calvima011974
221,cambyma01,2004,1.0,cambyma012004
222,cambyma01,2005,1.0,cambyma012005
223,cambyma01,2006,5.0,cambyma012006
224,cambyma01,2007,2.0,cambyma012007
225,cannola01,1970,0.0,cannola011970
226,carrml01,1978,1.0,carrml011978
227,cartevi01,1998,0.0,cartevi011998
228,cartevi01,1999,1.0,cartevi011999
229,cartevi01,2000,2.0,cartevi012000
230,cassesa01,2003,2.0,cassesa012003
231,cervial01,1949,2.0,cervial011949
232,chalmma01,2008,0.0,chalmma012008
233,chambto01,1988,2.0,chambto011988
234,chambto01,1989,2.0,chambto011989
235,chambwi01,1959,8.0,chambwi011959
236,chambwi01,1960,3.0,chambwi011960
237,chambwi01,1961,3.0,chambwi011961
238,chambwi01,1962,2.0,chambwi011962
239,chambwi01,1963,3.0,chambwi011963
240,chambwi01,1964,2.0,chambwi011964
241,chambwi01,1965,8.0,chambwi011965
242,chambwi01,1966,8.0,chambwi011966
243,chambwi01,1967,8.0,chambwi011967
244,chambwi01,1971,7.0,chambwi011971
245,chambwi01,1972,2.0,chambwi011972
246,chandty01,2010,1.0,chandty012010
247,chandty01,2011,5.0,chandty012011
248,chandty01,2012,2.0,chandty012012
249,chanedo01,1971,1.0,chanedo011971
250,chanedo01,1972,1.0,chanedo011972
251,chanedo01,1973,1.0,chanedo011973
252,chanedo01,1974,1.0,chanedo011974
253,chanedo01,1976,1.0,chanedo011976
254,cheekma01,1982,2.0,cheekma011982
255,cheekma01,1983,2.0,cheekma011983
256,cheekma01,1984,2.0,cheekma011984
257,cheekma01,1985,2.0,cheekma011985
258,cheekma01,1986,1.0,cheekma011986
259,cheniph01,1974,2.0,cheniph011974
260,chrisdo01,2000,1.0,chrisdo012000
261,chrisdo01,2001,1.0,chrisdo012001
262,chrisdo01,2002,2.0,chrisdo012002
263,chrisdo01,2003,1.0,chrisdo012003
264,chuckch01,1941,5.0,chuckch011941
265,clarkar01,1971,2.0,clarkar011971
266,cleamji01,1975,1.0,cleamji011975
267,colemde01,1990,0.0,colemde011990
268,colemde01,1992,1.0,colemde011992
269,colemde01,1993,1.0,colemde011993
270,colemec01,1976,2.0,colemec011976
271,colemec01,1977,1.0,colemec011977
272,collida01,2009,0.0,collida012009
273,conlemi01,2012,1.0,conlemi012012
274,coopemi01,1980,1.0,coopemi011980
275,coopemi01,1981,2.0,coopemi011981
276,coopemi01,1982,1.0,coopemi011982
277,coopemi01,1983,2.0,coopemi011983
278,coopemi01,1984,2.0,coopemi011984
279,coopemi01,1985,1.0,coopemi011985
280,coopemi01,1986,5.0,coopemi011986
281,coopemi01,1987,2.0,coopemi011987
282,costela01,1960,2.0,costela011960
283,couside01,2010,0.0,couside012010
284,couside01,2014,2.0,couside012014
285,couside01,2015,2.0,couside012015
286,cousybo01,1951,3.0,cousybo011951
287,cousybo01,1952,3.0,cousybo011952
288,cousybo01,1953,3.0,cousybo011953
289,cousybo01,1954,3.0,cousybo011954
290,cousybo01,1955,3.0,cousybo011955
291,cousybo01,1956,8.0,cousybo011956
292,cousybo01,1957,3.0,cousybo011957
293,cousybo01,1958,3.0,cousybo011958
294,cousybo01,1959,3.0,cousybo011959
295,cousybo01,1960,3.0,cousybo011960
296,cousybo01,1961,2.0,cousybo011961
297,cousybo01,1962,2.0,cousybo011962
298,covinro01,2017,2.0,covinro012017
299,cowenda01,1970,0.0,cowenda011970
300,cowenda01,1972,7.0,cowenda011972
301,cowenda01,1974,3.0,cowenda011974
302,cowenda01,1975,4.0,cowenda011975
303,cowenda01,1979,1.0,cowenda011979
304,crawfja01,2009,0.0,crawfja012009
305,cummite01,1982,0.0,cummite011982
306,cummite01,1984,2.0,cummite011984
307,cummite01,1988,1.0,cummite011988
308,cunnibi01,1968,3.0,cunnibi011968
309,cunnibi01,1969,3.0,cunnibi011969
310,cunnibi01,1970,3.0,cunnibi011970
311,cunnibi01,1971,2.0,cunnibi011971
312,cunnibi01,1972,5.0,cunnibi011972
313,curryde01,1993,0.0,curryde011993
314,curryst01,2009,0.0,curryst012009
315,curryst01,2010,0.0,curryst012010
316,curryst01,2013,2.0,curryst012013
317,curryst01,2014,8.0,curryst012014
318,curryst01,2015,8.0,curryst012015
319,curryst01,2016,2.0,curryst012016
320,curryst01,2017,1.0,curryst012017
321,curryst01,2018,3.0,curryst012018
322,dalemsa01,2009,0.0,dalemsa012009
323,dallmho01,1947,3.0,dallmho011947
324,dampilo01,1967,0.0,dampilo011967
325,dampilo01,1968,0.0,dampilo011968
326,dampilo01,1969,0.0,dampilo011969
327,dampilo01,1973,0.0,dampilo011973
328,dandrbo01,1978,4.0,dandrbo011978
329,danieme01,1967,0.0,danieme011967
330,danieme01,1968,5.0,danieme011968
331,danieme01,1969,0.0,danieme011969
332,danieme01,1970,5.0,danieme011970
333,danieme01,1972,0.0,danieme011972
334,dantlad01,1976,0.0,dantlad011976
335,dantlad01,1980,2.0,dantlad011980
336,dantlad01,1983,2.0,dantlad011983
337,daughbr01,1991,1.0,daughbr011991
338,daviebo01,1946,5.0,daviebo011946
339,daviebo01,1948,3.0,daviebo011948
340,daviebo01,1949,3.0,daviebo011949
341,daviebo01,1950,3.0,daviebo011950
342,daviebo01,1951,3.0,daviebo011951
343,daviebo01,1952,2.0,daviebo011952
344,davisan02,2014,4.0,davisan022014
345,davisan02,2016,4.0,davisan022016
346,davisan02,2017,5.0,davisan022017
347,davisba01,2003,1.0,davisba012003
348,daviswa03,1977,2.0,daviswa031977
349,daviswa03,1978,2.0,daviswa031978
350,debusda01,1968,4.0,debusda011968
351,debusda01,1969,2.0,debusda011969
352,debusda01,1970,2.0,debusda011970
353,debusda01,1971,2.0,debusda011971
354,debusda01,1972,2.0,debusda011972
355,debusda01,1973,2.0,debusda011973
356,denglu01,2011,1.0,denglu012011
357,derozde01,2016,1.0,derozde012016
358,derozde01,2017,2.0,derozde012017
359,diawbo01,2005,0.0,diawbo012005
360,digreer01,1973,0.0,digreer011973
361,dischte01,1962,0.0,dischte011962
362,dragigo01,2013,1.0,dragigo012013
363,drexlcl01,1987,2.0,drexlcl011987
364,drexlcl01,1989,1.0,drexlcl011989
365,drexlcl01,1990,2.0,drexlcl011990
366,drexlcl01,1991,3.0,drexlcl011991
367,drexlcl01,1994,1.0,drexlcl011994
368,drumman01,2015,1.0,drumman012015
369,duckwke01,1987,0.0,duckwke011987
370,dumarjo01,1988,5.0,dumarjo011988
371,dumarjo01,1989,3.0,dumarjo011989
372,dumarjo01,1990,2.0,dumarjo011990
373,dumarjo01,1991,2.0,dumarjo011991
374,dumarjo01,1992,4.0,dumarjo011992
375,duncati01,1997,4.0,duncati011997
376,duncati01,1998,8.0,duncati011998
377,duncati01,1999,5.0,duncati011999
378,duncati01,2000,5.0,duncati012000
379,duncati01,2001,10.0,duncati012001
380,duncati01,2002,13.0,duncati012002
381,duncati01,2003,4.0,duncati012003
382,duncati01,2004,8.0,duncati012004
383,duncati01,2005,3.0,duncati012005
384,duncati01,2006,5.0,duncati012006
385,duncati01,2007,4.0,duncati012007
386,duncati01,2008,3.0,duncati012008
387,duncati01,2009,2.0,duncati012009
388,duncati01,2012,4.0,duncati012012
389,duncati01,2014,2.0,duncati012014
390,dunntr01,1982,1.0,dunntr011982
391,dunntr01,1983,1.0,dunntr011983
392,dunntr01,1984,1.0,dunntr011984
393,duranke01,2007,0.0,duranke012007
394,duranke01,2009,3.0,duranke012009
395,duranke01,2010,3.0,duranke012010
396,duranke01,2011,3.0,duranke012011
397,duranke01,2012,3.0,duranke012012
398,duranke01,2013,8.0,duranke012013
399,duranke01,2015,2.0,duranke012015
400,duranke01,2016,5.0,duranke012016
401,duranke01,2017,6.0,duranke012017
402,duranke01,2018,2.0,duranke012018
403,eatonma01,1984,5.0,eatonma011984
404,eatonma01,1985,2.0,eatonma011985
405,eatonma01,1986,1.0,eatonma011986
406,eatonma01,1987,1.0,eatonma011987
407,eatonma01,1988,5.0,eatonma011988
408,edwarco02,1937,5.0,edwarco021937
409,edwarco02,1938,5.0,edwarco021938
410,edwarco02,1939,5.0,edwarco021939
411,ellisda01,1986,0.0,ellisda011986
412,ellisda01,1988,1.0,ellisda011988
413,ellismo01,2006,0.0,ellismo012006
414,ellispe01,1991,0.0,ellispe011991
415,embiijo01,2017,3.0,embiijo012017
416,embiijo01,2018,3.0,embiijo012018
417,englial01,1981,2.0,englial011981
418,englial01,1982,2.0,englial011982
419,englial01,1985,2.0,englial011985
420,ervinju01,1971,0.0,ervinju011971
421,ervinju01,1972,0.0,ervinju011972
422,ervinju01,1973,8.0,ervinju011973
423,ervinju01,1974,5.0,ervinju011974
424,ervinju01,1975,8.0,ervinju011975
425,ervinju01,1976,2.0,ervinju011976
426,ervinju01,1977,3.0,ervinju011977
427,ervinju01,1979,3.0,ervinju011979
428,ervinju01,1980,8.0,ervinju011980
429,ervinju01,1981,3.0,ervinju011981
430,ervinju01,1982,3.0,ervinju011982
431,ervinju01,1983,2.0,ervinju011983
432,evansty01,2009,0.0,evansty012009
433,ewingpa01,1985,0.0,ewingpa011985
434,ewingpa01,1987,3.0,ewingpa011987
435,ewingpa01,1988,3.0,ewingpa011988
436,ewingpa01,1989,3.0,ewingpa011989
437,ewingpa01,1990,2.0,ewingpa011990
438,ewingpa01,1991,3.0,ewingpa011991
439,ewingpa01,1992,2.0,ewingpa011992
440,ewingpa01,1996,2.0,ewingpa011996
441,farieke01,2011,0.0,farieke012011
442,favorde01,2010,0.0,favorde012010
443,feeribo01,1946,3.0,feeribo011946
444,feeribo01,1947,3.0,feeribo011947
445,feeribo01,1948,2.0,feeribo011948
446,felixra01,1953,0.0,felixra011953
447,fernaru01,2008,0.0,fernaru012008
448,fieldla01,2010,0.0,fieldla012010
449,flynnjo01,2009,0.0,flynnjo012009
450,fordph01,1978,2.0,fordph011978
451,foustla01,1951,2.0,foustla011951
452,foustla01,1954,3.0,foustla011954
453,francst01,1999,0.0,francst011999
454,fraziwa01,1968,2.0,fraziwa011968
455,fraziwa01,1969,5.0,fraziwa011969
456,fraziwa01,1970,4.0,fraziwa011970
457,fraziwa01,1971,5.0,fraziwa011971
458,fraziwa01,1972,4.0,fraziwa011972
459,fraziwa01,1973,5.0,fraziwa011973
460,fraziwa01,1974,5.0,fraziwa011974
461,freemdo01,1968,0.0,freemdo011968
462,freemdo01,1969,0.0,freemdo011969
463,freemdo01,1970,0.0,freemdo011970
464,freemdo01,1971,0.0,freemdo011971
465,freewo01,1978,2.0,freewo011978
466,fulksjo01,1946,3.0,fulksjo011946
467,fulksjo01,1947,3.0,fulksjo011947
468,fulksjo01,1948,3.0,fulksjo011948
469,fulksjo01,1950,2.0,fulksjo011950
470,galemi01,1972,0.0,galemi011972
471,galemi01,1973,0.0,galemi011973
472,gallaha01,1953,3.0,gallaha011953
473,gallaha01,1954,2.0,gallaha011954
474,garmadi01,1956,2.0,garmadi011956
475,garneke01,1998,1.0,garneke011998
476,garneke01,1999,5.0,garneke011999
477,garneke01,2000,4.0,garneke012000
478,garneke01,2001,4.0,garneke012001
479,garneke01,2002,5.0,garneke012002
480,garneke01,2003,10.0,garneke012003
481,garneke01,2004,4.0,garneke012004
482,garneke01,2005,1.0,garneke012005
483,garneke01,2006,2.0,garneke012006
484,garneke01,2007,8.0,garneke012007
485,garneke01,2008,2.0,garneke012008
486,garneke01,2010,2.0,garneke012010
487,garneke01,2011,1.0,garneke012011
488,gasolma01,2008,0.0,gasolma012008
489,gasolma01,2012,6.0,gasolma012012
490,gasolma01,2014,3.0,gasolma012014
491,gasolpa01,2001,0.0,gasolpa012001
492,gasolpa01,2008,1.0,gasolpa012008
493,gasolpa01,2009,1.0,gasolpa012009
494,gasolpa01,2010,2.0,gasolpa012010
495,gasolpa01,2011,0.0,gasolpa012011
496,gasolpa01,2014,2.0,gasolpa012014
497,georgja01,1955,2.0,georgja011955
498,georgpa01,2010,0.0,georgpa012010
499,georgpa01,2012,2.0,georgpa012012
500,georgpa01,2013,3.0,georgpa012013
501,georgpa01,2015,2.0,georgpa012015
502,georgpa01,2017,1.0,georgpa012017
503,georgpa01,2018,5.0,georgpa012018
504,gervige01,1974,0.0,gervige011974
505,gervige01,1975,0.0,gervige011975
506,gervige01,1976,2.0,gervige011976
507,gervige01,1977,3.0,gervige011977
508,gervige01,1978,3.0,gervige011978
509,gervige01,1979,3.0,gervige011979
510,gervige01,1980,3.0,gervige011980
511,gervige01,1981,3.0,gervige011981
512,gervige01,1982,2.0,gervige011982
513,gibsota01,2009,0.0,gibsota012009
514,gilmoar01,1971,5.0,gilmoar011971
515,gilmoar01,1972,0.0,gilmoar011972
516,gilmoar01,1973,0.0,gilmoar011973
517,gilmoar01,1974,3.0,gilmoar011974
518,gilmoar01,1975,0.0,gilmoar011975
519,gilmoar01,1977,1.0,gilmoar011977
520,ginobem01,2007,1.0,ginobem012007
521,ginobem01,2010,1.0,ginobem012010
522,glamage01,1941,0.0,glamage011941
523,goberru01,2016,4.0,goberru012016
524,goberru01,2017,5.0,goberru012017
525,goberru01,2018,6.0,goberru012018
526,golato01,1957,2.0,golato011957
527,goodrga01,1973,3.0,goodrga011973
528,gordobe01,2004,0.0,gordobe012004
529,gordoer01,2008,0.0,gordoer012008
530,grangda01,2008,0.0,grangda012008
531,grantho01,1992,1.0,grantho011992
532,grantho01,1993,1.0,grantho011993
533,grantho01,1994,1.0,grantho011994
534,grantho01,1995,1.0,grantho011995
535,greenac01,1988,1.0,greenac011988
536,greenda01,2016,1.0,greenda012016
537,greendr01,2014,2.0,greendr012014
538,greendr01,2015,4.0,greendr012015
539,greendr01,2016,6.0,greendr012016
540,greendr01,2017,1.0,greendr012017
541,greendr01,2018,1.0,greendr012018
542,greenje02,2007,0.0,greenje022007
543,greerha01,1962,2.0,greerha011962
544,greerha01,1963,2.0,greerha011963
545,greerha01,1964,2.0,greerha011964
546,greerha01,1965,2.0,greerha011965
547,greerha01,1966,2.0,greerha011966
548,greerha01,1967,2.0,greerha011967
549,greerha01,1968,2.0,greerha011968
550,griffbl01,2010,0.0,griffbl012010
551,griffbl01,2011,2.0,griffbl012011
552,griffbl01,2012,2.0,griffbl012012
553,griffbl01,2013,2.0,griffbl012013
554,griffbl01,2014,1.0,griffbl012014
555,griffbl01,2018,1.0,griffbl012018
556,griffda01,1980,0.0,griffda011980
557,grossbo01,1977,1.0,grossbo011977
558,grozaal01,1949,3.0,grozaal011949
559,grozaal01,1950,3.0,grozaal011950
560,gueriri01,1958,2.0,gueriri011958
561,gueriri01,1959,2.0,gueriri011959
562,gueriri01,1961,2.0,gueriri011961
563,hagancl01,1957,2.0,hagancl011957
564,hagancl01,1958,2.0,hagancl011958
565,halbech01,1946,2.0,halbech011946
566,hanzlbi01,1985,1.0,hanzlbi011985
567,hardaan01,1994,3.0,hardaan011994
568,hardaan01,1995,3.0,hardaan011995
569,hardaan01,1996,1.0,hardaan011996
570,hardati01,1991,2.0,hardati011991
571,hardati01,1992,1.0,hardati011992
572,hardati01,1996,3.0,hardati011996
573,hardati01,1997,2.0,hardati011997
574,hardati01,1998,2.0,hardati011998
575,hardeja01,2009,0.0,hardeja012009
576,hardeja01,2011,0.0,hardeja012011
577,hardeja01,2012,1.0,hardeja012012
578,hardeja01,2013,3.0,hardeja012013
579,hardeja01,2014,3.0,hardeja012014
580,hardeja01,2016,3.0,hardeja012016
581,hardeja01,2017,8.0,hardeja012017
582,hardeja01,2018,3.0,hardeja012018
583,harpede01,1986,1.0,harpede011986
584,harpede01,1989,1.0,harpede011989
585,havlijo01,1963,2.0,havlijo011963
586,havlijo01,1965,2.0,havlijo011965
587,havlijo01,1967,2.0,havlijo011967
588,havlijo01,1968,3.0,havlijo011968
589,havlijo01,1969,3.0,havlijo011969
590,havlijo01,1970,4.0,havlijo011970
591,havlijo01,1971,5.0,havlijo011971
592,havlijo01,1972,5.0,havlijo011972
593,havlijo01,1973,8.0,havlijo011973
594,havlijo01,1974,4.0,havlijo011974
595,havlijo01,1975,4.0,havlijo011975
596,hawkico01,1961,5.0,hawkico011961
597,hawkico01,1967,8.0,hawkico011967
598,hawkico01,1968,0.0,hawkico011968
599,hawkico01,1969,3.0,hawkico011969
600,hayesel01,1972,2.0,hayesel011972
601,hayesel01,1973,3.0,hayesel011973
602,hayesel01,1974,4.0,hayesel011974
603,hayesel01,1975,2.0,hayesel011975
604,hayesel01,1976,3.0,hayesel011976
605,hayesel01,1978,3.0,hayesel011978
606,haywosp01,1969,5.0,haywosp011969
607,haywosp01,1971,3.0,haywosp011971
608,haywosp01,1972,3.0,haywosp011972
609,haywosp01,1973,2.0,haywosp011973
610,haywosp01,1974,2.0,haywosp011974
611,heinsto01,1956,0.0,heinsto011956
612,heinsto01,1960,2.0,heinsto011960
613,heinsto01,1961,2.0,heinsto011961
614,heinsto01,1962,2.0,heinsto011962
615,heinsto01,1963,2.0,heinsto011963
616,hendeal01,1997,0.0,hendeal011997
617,hibbero01,2013,1.0,hibbero012013
618,hillgr01,1994,0.0,hillgr011994
619,hillgr01,1995,2.0,hillgr011995
620,hillgr01,1996,3.0,hillgr011996
621,hillgr01,1997,2.0,hillgr011997
622,hillgr01,1998,2.0,hillgr011998
623,hillgr01,1999,2.0,hillgr011999
624,hillgr01,2007,0.0,hillgr012007
625,hillgr01,2009,0.0,hillgr012009
626,hinriki01,2006,1.0,hinriki012006
627,holidjr01,2017,2.0,holidjr012017
628,holidjr01,2018,1.0,holidjr012018
629,hollili01,1977,2.0,hollili011977
630,hollili01,1978,1.0,hollili011978
631,holzmre01,1944,0.0,holzmre011944
632,horfoal01,2007,0.0,horfoal012007
633,horfoal01,2010,1.0,horfoal012010
634,horfoal01,2017,1.0,horfoal012017
635,howardw01,2006,1.0,howardw012006
636,howardw01,2007,4.0,howardw012007
637,howardw01,2008,8.0,howardw012008
638,howardw01,2009,8.0,howardw012009
639,howardw01,2010,8.0,howardw012010
640,howardw01,2011,5.0,howardw012011
641,howardw01,2012,1.0,howardw012012
642,howardw01,2013,2.0,howardw012013
643,howarju01,1995,1.0,howarju011995
644,howelba01,1962,2.0,howelba011962
645,hudsolo01,1969,2.0,hudsolo011969
646,hughela01,2004,2.0,hughela012004
647,ibakase01,2011,2.0,ibakase012011
648,ibakase01,2012,2.0,ibakase012012
649,ibakase01,2013,2.0,ibakase012013
650,iguodan01,2010,1.0,iguodan012010
651,iguodan01,2013,2.0,iguodan012013
652,iguodan01,2014,3.0,iguodan012014
653,irvinky01,2011,0.0,irvinky012011
654,irvinky01,2014,1.0,irvinky012014
655,irvinky01,2018,2.0,irvinky012018
656,isselda01,1970,0.0,isselda011970
657,isselda01,1971,0.0,isselda011971
658,isselda01,1972,0.0,isselda011972
659,isselda01,1973,0.0,isselda011973
660,isselda01,1975,0.0,isselda011975
661,iversal01,1996,0.0,iversal011996
662,iversal01,1998,3.0,iversal011998
663,iversal01,1999,2.0,iversal011999
664,iversal01,2000,8.0,iversal012000
665,iversal01,2001,2.0,iversal012001
666,iversal01,2002,2.0,iversal012002
667,iversal01,2004,3.0,iversal012004
668,iversal01,2005,1.0,iversal012005
669,jabalwa01,1968,3.0,jabalwa011968
670,jabalwa01,1972,0.0,jabalwa011972
671,jacksbo01,2002,0.0,jacksbo012002
672,jacksma01,1987,0.0,jacksma011987
673,jamesle01,2003,0.0,jamesle012003
674,jamesle01,2004,2.0,jamesle012004
675,jamesle01,2005,3.0,jamesle012005
676,jamesle01,2006,2.0,jamesle012006
677,jamesle01,2007,3.0,jamesle012007
678,jamesle01,2008,10.0,jamesle012008
679,jamesle01,2009,10.0,jamesle012009
680,jamesle01,2010,5.0,jamesle012010
681,jamesle01,2011,10.0,jamesle012011
682,jamesle01,2012,13.0,jamesle012012
683,jamesle01,2013,4.0,jamesle012013
684,jamesle01,2014,3.0,jamesle012014
685,jamesle01,2015,6.0,jamesle012015
686,jamesle01,2016,3.0,jamesle012016
687,jamesle01,2017,3.0,jamesle012017
688,jamesle01,2018,1.0,jamesle012018
689,jamisan01,2003,0.0,jamisan012003
690,jeannbu01,1947,2.0,jeannbu011947
691,jeffeal01,2013,1.0,jeffeal012013
692,jennibr01,2009,0.0,jennibr012009
693,jerebjo01,2009,0.0,jerebjo012009
694,johnsde01,1978,5.0,johnsde011978
695,johnsde01,1979,4.0,johnsde011979
696,johnsde01,1980,5.0,johnsde011980
697,johnsde01,1981,2.0,johnsde011981
698,johnsde01,1982,2.0,johnsde011982
699,johnsde01,1983,1.0,johnsde011983
700,johnsde01,1984,1.0,johnsde011984
701,johnsde01,1985,1.0,johnsde011985
702,johnsde01,1986,2.0,johnsde011986
703,johnsed02,1978,1.0,johnsed021978
704,johnsed02,1979,1.0,johnsed021979
705,johnsed03,1988,0.0,johnsed031988
706,johnsge02,1980,1.0,johnsge021980
707,johnsgu01,1964,2.0,johnsgu011964
708,johnsgu01,1965,2.0,johnsgu011965
709,johnsgu01,1969,4.0,johnsgu011969
710,johnsgu01,1970,4.0,johnsgu011970
711,johnsjo02,2009,1.0,johnsjo022009
712,johnske02,1988,2.0,johnske021988
713,johnske02,1989,2.0,johnske021989
714,johnske02,1990,2.0,johnske021990
715,johnske02,1991,1.0,johnske021991
716,johnske02,1993,2.0,johnske021993
717,johnsla02,1991,0.0,johnsla021991
718,johnsla02,1992,2.0,johnsla021992
719,johnsma01,1978,3.0,johnsma011978
720,johnsma01,1979,2.0,johnsma011979
721,johnsma01,1980,2.0,johnsma011980
722,johnsma01,1985,0.0,johnsma011985
723,johnsma02,1979,3.0,johnsma021979
724,johnsma02,1981,5.0,johnsma021981
725,johnsma02,1982,3.0,johnsma021982
726,johnsma02,1983,3.0,johnsma021983
727,johnsma02,1984,3.0,johnsma021984
728,johnsma02,1985,3.0,johnsma021985
729,johnsma02,1986,11.0,johnsma021986
730,johnsma02,1987,3.0,johnsma021987
731,johnsma02,1988,8.0,johnsma021988
732,johnsma02,1989,8.0,johnsma021989
733,johnsma02,1990,3.0,johnsma021990
734,johnsne01,1952,3.0,johnsne011952
735,johnsne01,1953,3.0,johnsne011953
736,johnsne01,1954,3.0,johnsne011954
737,johnsne01,1955,3.0,johnsne011955
738,johnsne01,1956,2.0,johnsne011956
739,johnswe01,2010,0.0,johnswe012010
740,jokicni01,2018,3.0,jokicni012018
741,jonesbo01,1974,0.0,jonesbo011974
742,jonesbo01,1975,0.0,jonesbo011975
743,jonesbo01,1976,2.0,jonesbo011976
744,jonesbo01,1977,2.0,jonesbo011977
745,jonesbo01,1978,2.0,jonesbo011978
746,jonesbo01,1979,2.0,jonesbo011979
747,jonesbo01,1980,2.0,jonesbo011980
748,jonesbo01,1981,2.0,jonesbo011981
749,jonesbo01,1982,2.0,jonesbo011982
750,jonesbo01,1983,2.0,jonesbo011983
751,jonesbo01,1984,1.0,jonesbo011984
752,jonesca01,1980,2.0,jonesca011980
753,jonesca01,1981,2.0,jonesca011981
754,jonesed02,1997,1.0,jonesed021997
755,jonesed02,1998,1.0,jonesed021998
756,jonesed02,1999,2.0,jonesed021999
757,jonesji01,1968,0.0,jonesji011968
758,jonesji01,1972,0.0,jonesji011972
759,jonesji01,1973,0.0,jonesji011973
760,jonesla01,1967,0.0,jonesla011967
761,jonesla01,1968,0.0,jonesla011968
762,jonesla01,1969,0.0,jonesla011969
763,jonessa01,1964,2.0,jonessa011964
764,jonessa01,1965,2.0,jonessa011965
765,jonessa01,1966,2.0,jonessa011966
766,joneswi02,1974,0.0,joneswi021974
767,jordade01,2014,3.0,jordade012014
768,jordade01,2015,5.0,jordade012015
769,jordade01,2016,1.0,jordade012016
770,jordami01,1984,2.0,jordami011984
771,jordami01,1986,3.0,jordami011986
772,jordami01,1987,13.0,jordami011987
773,jordami01,1988,5.0,jordami011988
774,jordami01,1989,5.0,jordami011989
775,jordami01,1990,13.0,jordami011990
776,jordami01,1991,13.0,jordami011991
777,jordami01,1992,8.0,jordami011992
778,jordami01,1995,13.0,jordami011995
779,jordami01,1996,8.0,jordami011996
780,jordami01,1997,13.0,jordami011997
781,kempsh01,1993,2.0,kempsh011993
782,kempsh01,1994,2.0,kempsh011994
783,kempsh01,1995,2.0,kempsh011995
784,kesslbo01,1937,0.0,kesslbo011937
785,keyeju01,1972,0.0,keyeju011972
786,keyeju01,1973,0.0,keyeju011973
787,kiddja01,1994,0.0,kiddja011994
788,kiddja01,1998,5.0,kiddja011998
789,kiddja01,1999,4.0,kiddja011999
790,kiddja01,2000,5.0,kiddja012000
791,kiddja01,2001,5.0,kiddja012001
792,kiddja01,2002,3.0,kiddja012002
793,kiddja01,2003,4.0,kiddja012003
794,kiddja01,2004,1.0,kiddja012004
795,kiddja01,2005,2.0,kiddja012005
796,kiddja01,2006,1.0,kiddja012006
797,kiddja01,2011,0.0,kiddja012011
798,kingbe01,1980,0.0,kingbe011980
799,kingbe01,1981,2.0,kingbe011981
800,kingbe01,1983,3.0,kingbe011983
801,kingbe01,1984,3.0,kingbe011984
802,kingbe01,1990,1.0,kingbe011990
803,kirilan01,2003,1.0,kirilan012003
804,kirilan01,2004,1.0,kirilan012004
805,kirilan01,2005,2.0,kirilan012005
806,knighbi01,1975,0.0,knighbi011975
807,knighbr03,2011,0.0,knighbr032011
808,kukocto01,1995,0.0,kukocto011995
809,landrca01,2007,0.0,landrca012007
810,larusru01,1968,1.0,larusru011968
811,leeda02,2012,1.0,leeda022012
812,leonaka01,2011,0.0,leonaka012011
813,leonaka01,2013,4.0,leonaka012013
814,leonaka01,2014,5.0,leonaka012014
815,leonaka01,2015,8.0,leonaka012015
816,leonaka01,2016,5.0,leonaka012016
817,leonaka01,2018,6.0,leonaka012018
818,leverfa01,1986,2.0,leverfa011986
819,leverfa01,1987,1.0,leverfa011987
820,lewisfr01,1946,0.0,lewisfr011946
821,lewisfr02,1971,3.0,lewisfr021971
822,lillada01,2015,2.0,lillada012015
823,lillada01,2017,3.0,lillada012017
824,lillada01,2018,2.0,lillada012018
825,lillarda01,2013,1.0,lillarda012013
826,loganjo01,1946,2.0,loganjo011946
827,loganjo01,1947,2.0,loganjo011947
828,loganjo01,1948,2.0,loganjo011948
829,lopezbr01,2008,0.0,lopezbr012008
830,lovebo01,1970,2.0,lovebo011970
831,lovebo01,1971,3.0,lovebo011971
832,lovebo01,1973,1.0,lovebo011973
833,lovebo01,1974,1.0,lovebo011974
834,loveke01,2008,0.0,loveke012008
835,loveke01,2010,0.0,loveke012010
836,loveke01,2011,2.0,loveke012011
837,loveke01,2013,2.0,loveke012013
838,lovelcl01,1955,2.0,lovelcl011955
839,lowryky01,2015,1.0,lowryky012015
840,lucasje01,1963,2.0,lucasje011963
841,lucasje01,1964,3.0,lucasje011964
842,lucasje01,1965,3.0,lucasje011965
843,lucasje01,1966,2.0,lucasje011966
844,lucasje01,1967,3.0,lucasje011967
845,lucasma01,1977,4.0,lucasma011977
846,lucasma01,1978,1.0,lucasma011978
847,macaued01,1950,3.0,macaued011950
848,macaued01,1951,3.0,macaued011951
849,macaued01,1952,3.0,macaued011952
850,macaued01,1953,2.0,macaued011953
851,macledo01,1993,0.0,macledo011993
852,mahorri01,1989,1.0,mahorri011989
853,majerda01,1990,1.0,majerda011990
854,majerda01,1992,1.0,majerda011992
855,malonka01,1987,3.0,malonka011987
856,malonka01,1988,3.0,malonka011988
857,malonka01,1989,3.0,malonka011989
858,malonka01,1990,3.0,malonka011990
859,malonka01,1991,3.0,malonka011991
860,malonka01,1992,3.0,malonka011992
861,malonka01,1993,3.0,malonka011993
862,malonka01,1994,3.0,malonka011994
863,malonka01,1995,3.0,malonka011995
864,malonka01,1996,10.0,malonka011996
865,malonka01,1997,5.0,malonka011997
866,malonka01,1998,10.0,malonka011998
867,malonka01,1999,2.0,malonka011999
868,malonka01,2000,1.0,malonka012000
869,malonmo01,1978,9.0,malonmo011978
870,malonmo01,1979,2.0,malonmo011979
871,malonmo01,1980,2.0,malonmo011980
872,malonmo01,1981,8.0,malonmo011981
873,malonmo01,1982,13.0,malonmo011982
874,malonmo01,1983,2.0,malonmo011983
875,malonmo01,1984,3.0,malonmo011984
876,malonmo01,1986,2.0,malonmo011986
877,mannida01,1997,0.0,mannida011997
878,maravpe01,1972,2.0,maravpe011972
879,maravpe01,1975,3.0,maravpe011975
880,maravpe01,1976,3.0,maravpe011976
881,maravpe01,1977,2.0,maravpe011977
882,marbust01,1999,1.0,marbust011999
883,marbust01,2002,1.0,marbust012002
884,mariosh01,2004,1.0,mariosh012004
885,mariosh01,2005,1.0,mariosh012005
886,martisl01,1954,2.0,martisl011954
887,martisl01,1955,2.0,martisl011955
888,martisl01,1956,2.0,martisl011956
889,martisl01,1957,2.0,martisl011957
890,martisl01,1958,2.0,martisl011958
891,mashbja01,2002,1.0,mashbja012002
892,masonan01,1994,0.0,masonan011994
893,masonan01,1996,2.0,masonan011996
894,maxwece01,1980,3.0,maxwece011980
895,mayooj01,2008,0.0,mayooj012008
896,mcadobo01,1972,0.0,mcadobo011972
897,mcadobo01,1973,2.0,mcadobo011973
898,mcadobo01,1974,8.0,mcadobo011974
899,mcclate01,1973,0.0,mcclate011973
900,mccraro01,1986,1.0,mccraro011986
901,mccraro01,1987,2.0,mccraro011987
902,mcderbo01,1942,5.0,mcderbo011942
903,mcderbo01,1943,5.0,mcderbo011943
904,mcderbo01,1944,5.0,mcderbo011944
905,mcderbo01,1945,5.0,mcderbo011945
906,mcdyean01,1998,1.0,mcdyean011998
907,mcginge01,1972,3.0,mcginge011972
908,mcginge01,1973,0.0,mcginge011973
909,mcginge01,1974,5.0,mcginge011974
910,mcginge01,1975,3.0,mcginge011975
911,mcginge01,1976,2.0,mcginge011976
912,mcgratr01,2000,2.0,mcgratr012000
913,mcgratr01,2001,3.0,mcgratr012001
914,mcgratr01,2002,3.0,mcgratr012002
915,mcgratr01,2003,2.0,mcgratr012003
916,mcgratr01,2004,1.0,mcgratr012004
917,mcgratr01,2006,2.0,mcgratr012006
918,mcgratr01,2007,1.0,mcgratr012007
919,mcguidi01,1950,2.0,mcguidi011950
920,mchalke01,1982,1.0,mchalke011982
921,mchalke01,1983,0.0,mchalke011983
922,mchalke01,1984,0.0,mchalke011984
923,mchalke01,1985,2.0,mchalke011985
924,mchalke01,1986,5.0,mchalke011986
925,mchalke01,1987,2.0,mchalke011987
926,mchalke01,1988,1.0,mchalke011988
927,mchalke01,1989,1.0,mchalke011989
928,mckeyde01,1994,1.0,mckeyde011994
929,mckeyde01,1995,1.0,mckeyde011995
930,mckieaa01,2000,0.0,mckieaa012000
931,mckinho01,1946,3.0,mckinho011946
932,mckinho01,1948,2.0,mckinho011948
933,mcmilna01,1993,1.0,mcmilna011993
934,mcmilna01,1994,1.0,mcmilna011994
935,meinedo01,1952,0.0,meinedo011952
936,melchbi01,1971,0.0,melchbi011971
937,miasest01,1946,3.0,miasest011946
938,miasest01,1947,2.0,miasest011947
939,mikange01,1945,0.0,mikange011945
940,mikange01,1947,5.0,mikange011947
941,mikange01,1948,3.0,mikange011948
942,mikange01,1949,3.0,mikange011949
943,mikange01,1950,3.0,mikange011950
944,mikange01,1951,3.0,mikange011951
945,mikange01,1952,3.0,mikange011952
946,mikange01,1953,3.0,mikange011953
947,mikkeve01,1950,2.0,mikkeve011950
948,mikkeve01,1951,2.0,mikkeve011951
949,mikkeve01,1952,2.0,mikkeve011952
950,mikkeve01,1954,2.0,mikkeve011954
951,millemi01,2000,0.0,millemi012000
952,millemi01,2005,0.0,millemi012005
953,millere01,1994,1.0,millere011994
954,millere01,1995,1.0,millere011995
955,millere01,1997,1.0,millere011997
956,millspa01,2015,1.0,millspa012015
957,mingya01,2003,1.0,mingya012003
958,mingya01,2005,1.0,mingya012005
959,mingya01,2006,2.0,mingya012006
960,mingya01,2007,1.0,mingya012007
961,mingya01,2008,2.0,mingya012008
962,moedo01,1967,0.0,moedo011967
963,moedo01,1968,0.0,moedo011968
964,moncrsi01,1981,3.0,moncrsi011981
965,moncrsi01,1982,8.0,moncrsi011982
966,moncrsi01,1983,7.0,moncrsi011983
967,moncrsi01,1984,4.0,moncrsi011984
968,moncrsi01,1985,4.0,moncrsi011985
969,monroea01,1967,0.0,monroea011967
970,monroea01,1968,3.0,monroea011968
971,monrogr01,2010,0.0,monrogr012010
972,moonja01,2007,0.0,moonja012007
973,mournal01,1998,8.0,mournal011998
974,mournal01,1999,7.0,mournal011999
975,mullich01,1988,2.0,mullich011988
976,mullich01,1989,1.0,mullich011989
977,mullich01,1990,2.0,mullich011990
978,mullich01,1991,3.0,mullich011991
979,muresgh01,1995,0.0,muresgh011995
980,murrade01,2017,1.0,murrade012017
981,mutomdi01,1994,4.0,mutomdi011994
982,mutomdi01,1996,5.0,mutomdi011996
983,mutomdi01,1997,6.0,mutomdi011997
984,mutomdi01,1998,1.0,mutomdi011998
985,mutomdi01,2000,7.0,mutomdi012000
986,mutomdi01,2001,2.0,mutomdi012001
987,mutomdi01,2008,0.0,mutomdi012008
988,nancela01,1988,2.0,nancela011988
989,nancela01,1991,1.0,nancela011991
990,nancela01,1992,1.0,nancela011992
991,nashst01,2001,1.0,nashst012001
992,nashst01,2002,1.0,nashst012002
993,nashst01,2004,8.0,nashst012004
994,nashst01,2005,8.0,nashst012005
995,nashst01,2006,3.0,nashst012006
996,nashst01,2007,2.0,nashst012007
997,nashst01,2009,2.0,nashst012009
998,natersw01,1973,0.0,natersw011973
999,natersw01,1974,0.0,natersw011974
1000,navarju01,2007,0.0,navarju012007
1001,nealga01,2010,0.0,nealga012010
1002,netolbo01,1969,0.0,netolbo011969
1003,noahjo01,2010,1.0,noahjo012010
1004,noahjo01,2012,2.0,noahjo012012
1005,noahjo01,2013,8.0,noahjo012013
1006,nowitdi01,2000,1.0,nowitdi012000
1007,nowitdi01,2001,2.0,nowitdi012001
1008,nowitdi01,2002,2.0,nowitdi012002
1009,nowitdi01,2003,1.0,nowitdi012003
1010,nowitdi01,2004,3.0,nowitdi012004
1011,nowitdi01,2005,3.0,nowitdi012005
1012,nowitdi01,2006,8.0,nowitdi012006
1013,nowitdi01,2007,2.0,nowitdi012007
1014,nowitdi01,2008,3.0,nowitdi012008
1015,nowitdi01,2009,2.0,nowitdi012009
1016,nowitdi01,2010,5.0,nowitdi012010
1017,nowitdi01,2011,1.0,nowitdi012011
1018,oaklech01,1993,2.0,oaklech011993
1019,oaklech01,1997,1.0,oaklech011997
1020,odomla01,2010,0.0,odomla012010
1021,okafoem01,2004,0.0,okafoem012004
1022,oladivi01,2017,3.0,oladivi012017
1023,olajuha01,1984,1.0,olajuha011984
1024,olajuha01,1985,2.0,olajuha011985
1025,olajuha01,1986,5.0,olajuha011986
1026,olajuha01,1987,5.0,olajuha011987
1027,olajuha01,1988,3.0,olajuha011988
1028,olajuha01,1989,4.0,olajuha011989
1029,olajuha01,1990,2.0,olajuha011990
1030,olajuha01,1992,8.0,olajuha011992
1031,olajuha01,1993,16.0,olajuha011993
1032,olajuha01,1994,4.0,olajuha011994
1033,olajuha01,1995,3.0,olajuha011995
1034,olajuha01,1996,4.0,olajuha011996
1035,olajuha01,1998,1.0,olajuha011998
1036,onealje01,2001,1.0,onealje012001
1037,onealje01,2002,1.0,onealje012002
1038,onealje01,2003,2.0,onealje012003
1039,onealsh01,1992,0.0,onealsh011992
1040,onealsh01,1993,1.0,onealsh011993
1041,onealsh01,1994,2.0,onealsh011994
1042,onealsh01,1995,1.0,onealsh011995
1043,onealsh01,1996,1.0,onealsh011996
1044,onealsh01,1997,3.0,onealsh011997
1045,onealsh01,1998,2.0,onealsh011998
1046,onealsh01,1999,12.0,onealsh011999
1047,onealsh01,2000,7.0,onealsh012000
1048,onealsh01,2001,6.0,onealsh012001
1049,onealsh01,2002,4.0,onealsh012002
1050,onealsh01,2003,3.0,onealsh012003
1051,onealsh01,2004,3.0,onealsh012004
1052,onealsh01,2005,3.0,onealsh012005
1053,onealsh01,2008,1.0,onealsh012008
1054,ottendo01,1948,5.0,ottendo011948
1055,parisro01,1981,2.0,parisro011981
1056,parisro01,1988,1.0,parisro011988
1057,parketo01,2006,3.0,parketo012006
1058,parketo01,2008,1.0,parketo012008
1059,parketo01,2011,2.0,parketo012011
1060,parketo01,2012,2.0,parketo012012
1061,parketo01,2013,2.0,parketo012013
1062,parsoch01,2011,0.0,parsoch012011
1063,paulch01,2005,0.0,paulch012005
1064,paulch01,2007,4.0,paulch012007
1065,paulch01,2008,4.0,paulch012008
1066,paulch01,2010,2.0,paulch012010
1067,paulch01,2011,5.0,paulch012011
1068,paulch01,2012,5.0,paulch012012
1069,paulch01,2013,5.0,paulch012013
1070,paulch01,2014,4.0,paulch012014
1071,paulch01,2015,4.0,paulch012015
1072,paulch01,2016,2.0,paulch012016
1073,paxsoji02,1983,2.0,paxsoji021983
1074,paytoga01,1993,3.0,paytoga011993
1075,paytoga01,1994,4.0,paytoga011994
1076,paytoga01,1995,7.0,paytoga011995
1077,paytoga01,1996,4.0,paytoga011996
1078,paytoga01,1997,5.0,paytoga011997
1079,paytoga01,1998,4.0,paytoga011998
1080,paytoga01,1999,5.0,paytoga011999
1081,paytoga01,2000,3.0,paytoga012000
1082,paytoga01,2001,4.0,paytoga012001
1083,persoch01,1986,0.0,persoch011986
1084,petrige01,1970,0.0,petrige011970
1085,petrodr01,1992,1.0,petrodr011992
1086,pettibo01,1954,3.0,pettibo011954
1087,pettibo01,1955,8.0,pettibo011955
1088,pettibo01,1956,3.0,pettibo011956
1089,pettibo01,1957,3.0,pettibo011957
1090,pettibo01,1958,8.0,pettibo011958
1091,pettibo01,1959,3.0,pettibo011959
1092,pettibo01,1960,3.0,pettibo011960
1093,pettibo01,1961,3.0,pettibo011961
1094,pettibo01,1962,3.0,pettibo011962
1095,pettibo01,1963,3.0,pettibo011963
1096,pettibo01,1964,2.0,pettibo011964
1097,phillan01,1951,2.0,phillan011951
1098,phillan01,1952,2.0,phillan011952
1099,phillbo01,1995,1.0,phillbo011995
1100,piercpa01,2001,1.0,piercpa012001
1101,piercpa01,2002,1.0,piercpa012002
1102,piercpa01,2007,4.0,piercpa012007
1103,piercpa01,2008,2.0,piercpa012008
1104,piercri01,1986,0.0,piercri011986
1105,piercri01,1989,0.0,piercri011989
1106,pippesc01,1990,1.0,pippesc011990
1107,pippesc01,1991,4.0,pippesc011991
1108,pippesc01,1992,3.0,pippesc011992
1109,pippesc01,1993,5.0,pippesc011993
1110,pippesc01,1994,5.0,pippesc011994
1111,pippesc01,1995,5.0,pippesc011995
1112,pippesc01,1996,4.0,pippesc011996
1113,pippesc01,1997,3.0,pippesc011997
1114,pippesc01,1998,2.0,pippesc011998
1115,pippesc01,1999,1.0,pippesc011999
1116,pollaji01,1948,3.0,pollaji011948
1117,pollaji01,1949,3.0,pollaji011949
1118,pollaji01,1951,2.0,pollaji011951
1119,pollaji01,1953,2.0,pollaji011953
1120,powelci01,1967,0.0,powelci011967
1121,presspa01,1984,2.0,presspa011984
1122,presspa01,1985,2.0,presspa011985
1123,presspa01,1986,1.0,presspa011986
1124,priceji01,1973,1.0,priceji011973
1125,pricema01,1988,1.0,pricema011988
1126,pricema01,1991,1.0,pricema011991
1127,pricema01,1992,3.0,pricema011992
1128,pricema01,1993,1.0,pricema011993
1129,princta01,2004,1.0,princta012004
1130,princta01,2005,1.0,princta012005
1131,princta01,2006,1.0,princta012006
1132,princta01,2007,1.0,princta012007
1133,randoza01,2003,0.0,randoza012003
1134,randoza01,2010,1.0,randoza012010
1135,ratlith01,1998,1.0,ratlith011998
1136,ratlith01,2003,1.0,ratlith012003
1137,reddmi01,2003,1.0,reddmi012003
1138,reedwi01,1964,0.0,reedwi011964
1139,reedwi01,1966,2.0,reedwi011966
1140,reedwi01,1967,2.0,reedwi011967
1141,reedwi01,1968,2.0,reedwi011968
1142,reedwi01,1969,13.0,reedwi011969
1143,reedwi01,1970,2.0,reedwi011970
1144,reedwi01,1972,3.0,reedwi011972
1145,ricegl01,1996,2.0,ricegl011996
1146,ricegl01,1997,1.0,ricegl011997
1147,richami01,1979,2.0,richami011979
1148,richami01,1980,2.0,richami011980
1149,richami01,1984,0.0,richami011984
1150,richmmi01,1988,0.0,richmmi011988
1151,richmmi01,1993,2.0,richmmi011993
1152,richmmi01,1994,2.0,richmmi011994
1153,richmmi01,1995,1.0,richmmi011995
1154,richmmi01,1996,2.0,richmmi011996
1155,richmmi01,1997,1.0,richmmi011997
1156,riebeme01,1943,0.0,riebeme011943
1157,riordmi01,1972,1.0,riordmi011972
1158,risenar01,1948,2.0,risenar011948
1159,robbire01,1968,0.0,robbire011968
1160,robbire01,1969,0.0,robbire011969
1161,roberal01,1985,6.0,roberal011985
1162,roberal01,1986,2.0,roberal011986
1163,roberal01,1987,1.0,roberal011987
1164,roberal01,1988,1.0,roberal011988
1165,roberal01,1989,1.0,roberal011989
1166,roberal01,1990,2.0,roberal011990
1167,roberan03,2016,1.0,roberan032016
1168,roberos01,1960,3.0,roberos011960
1169,roberos01,1961,3.0,roberos011961
1170,roberos01,1962,3.0,roberos011962
1171,roberos01,1963,8.0,roberos011963
1172,roberos01,1964,3.0,roberos011964
1173,roberos01,1965,3.0,roberos011965
1174,roberos01,1966,3.0,roberos011966
1175,roberos01,1967,3.0,roberos011967
1176,roberos01,1968,3.0,roberos011968
1177,roberos01,1969,2.0,roberos011969
1178,roberos01,1970,2.0,roberos011970
1179,robincl02,1992,0.0,robincl021992
1180,robincl02,1999,1.0,robincl021999
1181,robincl02,2001,1.0,robincl022001
1182,robinda01,1989,2.0,robinda011989
1183,robinda01,1990,5.0,robinda011990
1184,robinda01,1991,8.0,robinda011991
1185,robinda01,1992,2.0,robinda011992
1186,robinda01,1993,3.0,robinda011993
1187,robinda01,1994,10.0,robinda011994
1188,robinda01,1995,5.0,robinda011995
1189,robinda01,1997,3.0,robinda011997
1190,robinda01,1999,1.0,robinda011999
1191,robinda01,2000,1.0,robinda012000
1192,robintr01,1977,3.0,robintr011977
1193,rodmade01,1988,2.0,rodmade011988
1194,rodmade01,1989,5.0,rodmade011989
1195,rodmade01,1990,5.0,rodmade011990
1196,rodmade01,1991,3.0,rodmade011991
1197,rodmade01,1992,2.0,rodmade011992
1198,rodmade01,1993,1.0,rodmade011993
1199,rodmade01,1994,3.0,rodmade011994
1200,rodmade01,1995,2.0,rodmade011995
1201,rogerro01,1999,0.0,rogerro011999
1202,rollitr01,1982,1.0,rollitr011982
1203,rollitr01,1983,2.0,rollitr011983
1204,rondora01,2008,1.0,rondora012008
1205,rondora01,2009,2.0,rondora012009
1206,rondora01,2010,2.0,rondora012010
1207,rondora01,2011,2.0,rondora012011
1208,rosede01,2008,0.0,rosede012008
1209,rosede01,2010,8.0,rosede012010
1210,roseja01,1999,0.0,roseja011999
1211,roundda01,1979,4.0,roundda011979
1212,roundda01,1980,1.0,roundda011980
1213,roundda01,1981,2.0,roundda011981
1214,roundda01,1982,2.0,roundda011982
1215,roundda01,1983,1.0,roundda011983
1216,roybr01,2006,0.0,roybr012006
1217,roybr01,2008,2.0,roybr012008
1218,roybr01,2009,1.0,roybr012009
1219,rubiori01,2011,0.0,rubiori012011
1220,russebi01,1957,7.0,russebi011957
1221,russebi01,1958,3.0,russebi011958
1222,russebi01,1959,2.0,russebi011959
1223,russebi01,1960,7.0,russebi011960
1224,russebi01,1961,7.0,russebi011961
1225,russebi01,1962,8.0,russebi011962
1226,russebi01,1963,2.0,russebi011963
1227,russebi01,1964,8.0,russebi011964
1228,russebi01,1965,2.0,russebi011965
1229,russebi01,1966,2.0,russebi011966
1230,russebi01,1967,2.0,russebi011967
1231,russebi01,1968,2.0,russebi011968
1232,sadowed01,1940,0.0,sadowed011940
1233,sadowed01,1947,3.0,sadowed011947
1234,sailoke01,1948,2.0,sailoke011948
1235,sampsra01,1983,0.0,sampsra011983
1236,sampsra01,1984,2.0,sampsra011984
1237,sandeto01,1968,1.0,sandeto011968
1238,sauldwo01,1957,0.0,sauldwo011957
1239,schaufr01,1949,2.0,schaufr011949
1240,schaydo01,1948,0.0,schaydo011948
1241,schaydo01,1949,2.0,schaydo011949
1242,schaydo01,1950,2.0,schaydo011950
1243,schaydo01,1951,3.0,schaydo011951
1244,schaydo01,1952,3.0,schaydo011952
1245,schaydo01,1953,3.0,schaydo011953
1246,schaydo01,1954,3.0,schaydo011954
1247,schaydo01,1955,2.0,schaydo011955
1248,schaydo01,1956,3.0,schaydo011956
1249,schaydo01,1957,3.0,schaydo011957
1250,schaydo01,1958,2.0,schaydo011958
1251,schaydo01,1959,2.0,schaydo011959
1252,schaydo01,1960,2.0,schaydo011960
1253,schrede01,1990,0.0,schrede011990
1254,schrede01,1991,0.0,schrede011991
1255,schrede01,1994,1.0,schrede011994
1256,scolafr01,1946,2.0,scolafr011946
1257,scolafr01,1947,2.0,scolafr011947
1258,scolalu01,2007,0.0,scolalu012007
1259,scottch01,1970,0.0,scottch011970
1260,scottch01,1971,0.0,scottch011971
1261,sefolth01,2009,1.0,sefolth012009
1262,seikaro01,1989,0.0,seikaro011989
1263,seymopa01,1953,2.0,seymopa011953
1264,seymopa01,1954,2.0,seymopa011954
1265,sharmbi01,1952,2.0,sharmbi011952
1266,sharmbi01,1954,2.0,sharmbi011954
1267,sharmbi01,1955,3.0,sharmbi011955
1268,sharmbi01,1956,3.0,sharmbi011956
1269,sharmbi01,1957,3.0,sharmbi011957
1270,sharmbi01,1958,3.0,sharmbi011958
1271,sharmbi01,1959,2.0,sharmbi011959
1272,sheltlo01,1981,1.0,sheltlo011981
1273,shuege01,1959,3.0,shuege011959
1274,shuege01,1960,2.0,shuege011960
1275,shumpim01,2011,0.0,shumpim012011
1276,sikmaja01,1981,1.0,sikmaja011981
1277,silasja01,1974,0.0,silasja011974
1278,silasja01,1975,0.0,silasja011975
1279,silaspa01,1970,1.0,silaspa011970
1280,silaspa01,1971,1.0,silaspa011971
1281,silaspa01,1972,1.0,silaspa011972
1282,silaspa01,1974,2.0,silaspa011974
1283,silaspa01,1975,2.0,silaspa011975
1284,simmobo01,2004,0.0,simmobo012004
1285,simpsra01,1971,0.0,simpsra011971
1286,simpsra01,1972,0.0,simpsra011972
1287,simpsra01,1975,0.0,simpsra011975
1288,skilesc01,1990,0.0,skilesc011990
1289,sloanje01,1968,2.0,sloanje011968
1290,sloanje01,1969,1.0,sloanje011969
1291,sloanje01,1970,1.0,sloanje011970
1292,sloanje01,1971,2.0,sloanje011971
1293,sloanje01,1973,2.0,sloanje011973
1294,sloanje01,1974,2.0,sloanje011974
1295,smartma01,2018,2.0,smartma012018
1296,smithjo03,2009,1.0,smithjo032009
1297,smithph01,1975,3.0,smithph011975
1298,smithra01,1975,2.0,smithra011975
1299,snower01,2002,1.0,snower012002
1300,sprewla01,1993,4.0,sprewla011993
1301,starkjo01,1992,1.0,starkjo011992
1302,starkjo01,1996,0.0,starkjo011996
1303,stephbe01,1939,0.0,stephbe011939
1304,stephbe01,1940,5.0,stephbe011940
1305,stockjo01,1987,2.0,stockjo011987
1306,stockjo01,1988,3.0,stockjo011988
1307,stockjo01,1989,2.0,stockjo011989
1308,stockjo01,1990,2.0,stockjo011990
1309,stockjo01,1991,3.0,stockjo011991
1310,stockjo01,1992,2.0,stockjo011992
1311,stockjo01,1993,3.0,stockjo011993
1312,stockjo01,1994,4.0,stockjo011994
1313,stockjo01,1995,2.0,stockjo011995
1314,stockjo01,1996,2.0,stockjo011996
1315,stockjo01,1998,1.0,stockjo011998
1316,stojape01,2003,2.0,stojape012003
1317,stokema01,1955,2.0,stokema011955
1318,stokema01,1956,2.0,stokema011956
1319,stokema01,1957,2.0,stokema011957
1320,stoudam01,2002,0.0,stoudam012002
1321,stoudam01,2004,2.0,stoudam012004
1322,stoudam01,2006,3.0,stoudam012006
1323,stoudam01,2007,2.0,stoudam012007
1324,stoudam01,2009,2.0,stoudam012009
1325,stoudam01,2010,2.0,stoudam012010
1326,stoudda01,1995,0.0,stoudda011995
1327,stricro02,1997,2.0,stricro021997
1328,stuckro01,2007,0.0,stuckro012007
1329,tarplro01,1987,0.0,tarplro011987
1330,taylobr01,1972,0.0,taylobr011972
1331,taylobr01,1974,0.0,taylobr011974
1332,taylobr01,1975,0.0,taylobr011975
1333,taylobr01,1976,1.0,taylobr011976
1334,taylofa01,1972,0.0,taylofa011972
1335,taylofa01,1973,0.0,taylofa011973
1336,terryja01,2008,0.0,terryja012008
1337,thomais01,1982,2.0,thomais011982
1338,thomais01,1983,3.0,thomais011983
1339,thomais01,1984,3.0,thomais011984
1340,thomais01,1985,3.0,thomais011985
1341,thomais01,1986,2.0,thomais011986
1342,thomais01,1989,3.0,thomais011989
1343,thomais02,2011,0.0,thomais022011
1344,thomais02,2016,2.0,thomais022016
1345,thompda01,1975,0.0,thompda011975
1346,thompda01,1976,3.0,thompda011976
1347,thompda01,1977,3.0,thompda011977
1348,thompkl01,2011,0.0,thompkl012011
1349,thompkl01,2014,1.0,thompkl012014
1350,thompkl01,2015,1.0,thompkl012015
1351,thompkl01,2018,1.0,thompkl012018
1352,thomptr02,2011,0.0,thomptr022011
1353,thornal01,2007,0.0,thornal012007
1354,thornma01,2009,0.0,thornma012009
1355,thurmna01,1968,2.0,thurmna011968
1356,thurmna01,1970,2.0,thurmna011970
1357,thurmna01,1971,1.0,thurmna011971
1358,thurmna01,1972,1.0,thurmna011972
1359,thurmna01,1973,1.0,thurmna011973
1360,todormi01,1947,0.0,todormi011947
1361,townska01,2017,1.0,townska012017
1362,turkohe01,2007,0.0,turkohe012007
1363,twymaja01,1959,2.0,twymaja011959
1364,twymaja01,1961,2.0,twymaja011961
1365,unselwe01,1968,8.0,unselwe011968
1366,unselwe01,1977,3.0,unselwe011977
1367,vanardi01,1973,1.0,vanardi011973
1368,vanlino01,1970,1.0,vanlino011970
1369,vanlino01,1971,1.0,vanlino011971
1370,vanlino01,1972,1.0,vanlino011972
1371,vanlino01,1973,4.0,vanlino011973
1372,vanlino01,1974,1.0,vanlino011974
1373,vanlino01,1975,2.0,vanlino011975
1374,vanlino01,1976,2.0,vanlino011976
1375,vanlino01,1977,1.0,vanlino011977
1376,varejan01,2009,1.0,varejan012009
1377,vergabo01,1969,0.0,vergabo011969
1378,vraneda01,1984,1.0,vraneda011984
1379,wadedw01,2004,3.0,wadedw012004
1380,wadedw01,2005,5.0,wadedw012005
1381,wadedw01,2006,1.0,wadedw012006
1382,wadedw01,2008,4.0,wadedw012008
1383,wadedw01,2009,4.0,wadedw012009
1384,wadedw01,2010,2.0,wadedw012010
1385,wadedw01,2011,1.0,wadedw012011
1386,wadedw01,2012,1.0,wadedw012012
1387,walkeke02,2018,1.0,walkeke022018
1388,wallabe01,2001,6.0,wallabe012001
1389,wallabe01,2002,7.0,wallabe012002
1390,wallabe01,2003,4.0,wallabe012003
1391,wallabe01,2004,6.0,wallabe012004
1392,wallabe01,2005,7.0,wallabe012005
1393,wallabe01,2006,1.0,wallabe012006
1394,wallage01,2009,2.0,wallage012009
1395,walljo01,2010,0.0,walljo012010
1396,walljo01,2014,1.0,walljo012014
1397,walljo01,2016,1.0,walljo012016
1398,waltobi01,1976,7.0,waltobi011976
1399,waltobi01,1977,10.0,waltobi011977
1400,waltobi01,1985,0.0,waltobi011985
1401,wanzebo01,1951,2.0,wanzebo011951
1402,wanzebo01,1952,2.0,wanzebo011952
1403,wanzebo01,1953,2.0,wanzebo011953
1404,washike01,1979,1.0,washike011979
1405,washike01,1980,1.0,washike011980
1406,wattssl01,1975,2.0,wattssl011975
1407,webbech01,1993,0.0,webbech011993
1408,webbech01,1998,2.0,webbech011998
1409,webbech01,1999,1.0,webbech011999
1410,webbech01,2000,3.0,webbech012000
1411,webbech01,2001,2.0,webbech012001
1412,webbech01,2002,2.0,webbech012002
1413,wedmasc01,1979,1.0,wedmasc011979
1414,westbru01,2008,0.0,westbru012008
1415,westbru01,2010,2.0,westbru012010
1416,westbru01,2011,2.0,westbru012011
1417,westbru01,2012,2.0,westbru012012
1418,westbru01,2014,2.0,westbru012014
1419,westbru01,2015,3.0,westbru012015
1420,westbru01,2016,8.0,westbru012016
1421,westbru01,2017,2.0,westbru012017
1422,westbru01,2018,1.0,westbru012018
1423,westje01,1961,3.0,westje011961
1424,westje01,1962,3.0,westje011962
1425,westje01,1963,3.0,westje011963
1426,westje01,1964,3.0,westje011964
1427,westje01,1965,3.0,westje011965
1428,westje01,1966,3.0,westje011966
1429,westje01,1967,2.0,westje011967
1430,westje01,1968,6.0,westje011968
1431,westje01,1969,5.0,westje011969
1432,westje01,1970,5.0,westje011970
1433,westje01,1971,5.0,westje011971
1434,westje01,1972,5.0,westje011972
1435,westppa01,1976,3.0,westppa011976
1436,westppa01,1977,2.0,westppa011977
1437,westppa01,1978,3.0,westppa011978
1438,westppa01,1979,3.0,westppa011979
1439,westppa01,1982,0.0,westppa011982
1440,whiteha01,2015,1.0,whiteha012015
1441,whitejo01,1974,2.0,whitejo011974
1442,whitejo01,1975,3.0,whitejo011975
1443,whitejo01,1976,2.0,whitejo011976
1444,wickssi01,1971,0.0,wickssi011971
1445,wilkeja01,1974,0.0,wilkeja011974
1446,wilkeja01,1975,1.0,wilkeja011975
1447,wilkeja01,1976,1.0,wilkeja011976
1448,wilkido01,1985,3.0,wilkido011985
1449,wilkido01,1986,2.0,wilkido011986
1450,wilkido01,1987,2.0,wilkido011987
1451,wilkido01,1988,1.0,wilkido011988
1452,wilkido01,1990,2.0,wilkido011990
1453,wilkido01,1992,2.0,wilkido011992
1454,wilkido01,1993,1.0,wilkido011993
1455,willibu01,1981,0.0,willibu011981
1456,willibu01,1982,2.0,willibu011982
1457,willibu01,1987,1.0,willibu011987
1458,willibu01,1989,2.0,willibu011989
1459,willibu01,1990,2.0,willibu011990
1460,willibu01,1991,1.0,willibu011991
1461,willich01,1967,0.0,willich011967
1462,willico02,2001,0.0,willico022001
1463,willide01,2007,2.0,willide012007
1464,willide01,2009,2.0,willide012009
1465,willide02,2011,0.0,willide022011
1466,willigu01,1979,2.0,willigu011979
1467,willigu01,1981,3.0,willigu011981
1468,willike02,1991,1.0,willike021991
1469,willimi02,1991,1.0,willimi021991
1470,wisewi01,1971,0.0,wisewi011971
1471,wisewi01,1972,0.0,wisewi011972
1472,wisewi01,1973,0.0,wisewi011973
1473,worthja01,1987,3.0,worthja011987
1474,worthja01,1989,1.0,worthja011989
1475,worthja01,1990,1.0,worthja011990
1476,yardlge01,1956,2.0,yardlge011956
1477,yardlge01,1957,3.0,yardlge011957
1478,youngje01,1938,0.0,youngje011938
1479,youngth01,2007,0.0,youngth012007
1480,zasloma01,1946,3.0,zasloma011946
1481,zasloma01,1947,3.0,zasloma011947
1482,zasloma01,1948,3.0,zasloma011948
1483,zasloma01,1949,3.0,zasloma011949
